Metric,Value
年化收益率,0.05980416153123293
年化波动率,0.14840169365462205
最大回撤,-0.26815270694869275
夏普比率,0.23452671377345113
Beta,0.6209927223616822
Alpha,3.8888047495261905e-05
